requests_cpu,requests_memory,limits_cpu,limits_memory,param_5,begin_time,end_time,param_1,param_3,param_2,param_4,run_time,cpu_freq,run_time
250m,512Mi,250m,512Mi,1,2025-06-17T16:14:45,2025-06-17T16:15:40,0.25,0.25,536870912.0,536870912.0,25,1600,25
250m,512Mi,250m,512Mi,1,2025-06-17T16:15:40,2025-06-17T16:16:28,0.25,0.25,536870912.0,536870912.0,18,2500,18
250m,512Mi,250m,512Mi,1,2025-06-17T16:16:28,2025-06-17T16:17:34,0.25,0.25,536870912.0,536870912.0,31,2500,31
250m,512Mi,250m,512Mi,2,2025-06-17T16:17:34,2025-06-17T16:18:31,0.25,0.25,536870912.0,536870912.0,27,1600,27
250m,1Gi,250m,1Gi,1,2025-06-17T16:18:31,2025-06-17T16:19:31,0.25,0.25,1073741824.0,1073741824.0,25,1200,25
250m,1Gi,250m,1Gi,2,2025-06-17T16:19:31,2025-06-17T16:20:19,0.25,0.25,1073741824.0,1073741824.0,18,1200,18
250m,1Gi,250m,1Gi,1,2025-06-17T16:20:19,2025-06-17T16:21:30,0.25,0.25,1073741824.0,1073741824.0,36,1600,36
250m,1Gi,250m,1Gi,2,2025-06-17T16:21:30,2025-06-17T16:22:27,0.25,0.25,1073741824.0,1073741824.0,27,1600,27
250m,1Gi,250m,1Gi,1,2025-06-17T16:22:27,2025-06-17T16:23:24,0.25,0.25,1073741824.0,1073741824.0,27,1600,27
250m,1Gi,250m,1Gi,2,2025-06-17T16:23:24,2025-06-17T16:24:13,0.25,0.25,1073741824.0,1073741824.0,19,1600,19
250m,1.5Gi,250m,1.5Gi,1,2025-06-17T16:24:13,2025-06-17T16:25:12,0.25,0.25,1610612736.0,1610612736.0,19,1600,19
250m,1.5Gi,250m,1.5Gi,1,2025-06-17T16:25:12,2025-06-17T16:26:18,0.25,0.25,1610612736.0,1610612736.0,26,1600,26
250m,1.5Gi,250m,1.5Gi,1,2025-06-17T16:26:59,2025-06-17T16:27:47,0.25,0.25,1610612736.0,1610612736.0,18,1600,18
250m,2Gi,250m,2Gi,1,2025-06-17T16:27:47,2025-06-17T16:28:46,0.25,0.25,2147483648.0,2147483648.0,19,1200,19
250m,2Gi,250m,2Gi,2,2025-06-17T16:28:46,2025-06-17T16:29:55,0.25,0.25,2147483648.0,2147483648.0,34,1200,34
250m,2Gi,250m,2Gi,1,2025-06-17T16:29:55,2025-06-17T16:30:57,0.25,0.25,2147483648.0,2147483648.0,27,1200,27
250m,2Gi,250m,2Gi,1,2025-06-17T16:31:37,2025-06-17T16:32:47,0.25,0.25,2147483648.0,2147483648.0,35,1600,35
250m,2Gi,250m,2Gi,2,2025-06-17T16:32:47,2025-06-17T16:33:47,0.25,0.25,2147483648.0,2147483648.0,25,1600,25
250m,3Gi,250m,3Gi,1,2025-06-17T16:33:47,2025-06-17T16:34:44,0.25,0.25,3221225472.0,3221225472.0,27,1600,27
250m,3Gi,250m,3Gi,2,2025-06-17T16:34:44,2025-06-17T16:35:32,0.25,0.25,3221225472.0,3221225472.0,18,1600,18
250m,3Gi,250m,3Gi,1,2025-06-17T16:35:32,2025-06-17T16:36:31,0.25,0.25,3221225472.0,3221225472.0,29,1600,29
250m,3Gi,250m,3Gi,2,2025-06-17T16:36:31,2025-06-17T16:37:41,0.25,0.25,3221225472.0,3221225472.0,25,1200,25
250m,3Gi,250m,3Gi,1,2025-06-17T16:37:41,2025-06-17T16:38:30,0.25,0.25,3221225472.0,3221225472.0,19,1200,19
250m,4Gi,250m,4Gi,1,2025-06-17T16:38:30,2025-06-17T16:39:38,0.25,0.25,4294967296.0,4294967296.0,28,1200,28
250m,4Gi,250m,4Gi,1,2025-06-17T16:39:38,2025-06-17T16:40:28,0.25,0.25,4294967296.0,4294967296.0,20,1200,20
250m,4Gi,250m,4Gi,1,2025-06-17T16:41:08,2025-06-17T16:42:23,0.25,0.25,4294967296.0,4294967296.0,25,1200,25
250m,6Gi,250m,6Gi,1,2025-06-17T16:43:04,2025-06-17T16:44:20,0.25,0.25,6442450944.0,6442450944.0,26,1200,26
250m,6Gi,250m,6Gi,1,2025-06-17T16:45:00,2025-06-17T16:45:56,0.25,0.25,6442450944.0,6442450944.0,26,1000,26
250m,6Gi,250m,6Gi,1,2025-06-17T16:45:56,2025-06-17T16:46:52,0.25,0.25,6442450944.0,6442450944.0,26,1600,26
500m,512Mi,500m,512Mi,1,2025-06-17T16:46:52,2025-06-17T16:47:20,0.5,0.5,536870912.0,536870912.0,3,1600,3
500m,512Mi,500m,512Mi,2,2025-06-17T16:47:20,2025-06-17T16:47:46,0.5,0.5,536870912.0,536870912.0,1,1200,1
500m,512Mi,500m,512Mi,1,2025-06-17T16:47:46,2025-06-17T16:48:13,0.5,0.5,536870912.0,536870912.0,2,1600,2
500m,512Mi,500m,512Mi,1,2025-06-17T16:48:54,2025-06-17T16:49:20,0.5,0.5,536870912.0,536870912.0,1,1600,1
500m,512Mi,500m,512Mi,2,2025-06-17T16:49:20,2025-06-17T16:49:47,0.5,0.5,536870912.0,536870912.0,2,1200,2
500m,1Gi,500m,1Gi,1,2025-06-17T16:49:47,2025-06-17T16:50:13,0.5,0.5,1073741824.0,1073741824.0,1,1200,1
500m,1Gi,500m,1Gi,1,2025-06-17T16:50:13,2025-06-17T16:50:39,0.5,0.5,1073741824.0,1073741824.0,1,1200,1
500m,1Gi,500m,1Gi,1,2025-06-17T16:51:20,2025-06-17T16:51:46,0.5,0.5,1073741824.0,1073741824.0,1,1200,1
500m,1Gi,500m,1Gi,2,2025-06-17T16:51:46,2025-06-17T16:52:13,0.5,0.5,1073741824.0,1073741824.0,2,1600,2
500m,1.5Gi,500m,1.5Gi,1,2025-06-17T16:52:13,2025-06-17T16:52:40,0.5,0.5,1610612736.0,1610612736.0,2,1600,2
500m,1.5Gi,500m,1.5Gi,1,2025-06-17T16:52:40,2025-06-17T16:53:06,0.5,0.5,1610612736.0,1610612736.0,1,1200,1
500m,1.5Gi,500m,1.5Gi,2,2025-06-17T16:53:06,2025-06-17T16:53:33,0.5,0.5,1610612736.0,1610612736.0,2,1600,2
500m,1.5Gi,500m,1.5Gi,1,2025-06-17T16:53:33,2025-06-17T16:53:59,0.5,0.5,1610612736.0,1610612736.0,1,1600,1
500m,2Gi,500m,2Gi,1,2025-06-17T16:53:59,2025-06-17T16:54:25,0.5,0.5,2147483648.0,2147483648.0,1,1600,1
500m,2Gi,500m,2Gi,1,2025-06-17T16:55:06,2025-06-17T16:55:32,0.5,0.5,2147483648.0,2147483648.0,1,1600,1
500m,2Gi,500m,2Gi,2,2025-06-17T16:55:32,2025-06-17T16:55:59,0.5,0.5,2147483648.0,2147483648.0,2,1600,2
500m,2Gi,500m,2Gi,1,2025-06-17T16:55:59,2025-06-17T16:56:25,0.5,0.5,2147483648.0,2147483648.0,1,1600,1
500m,2Gi,500m,2Gi,2,2025-06-17T16:56:25,2025-06-17T16:56:52,0.5,0.5,2147483648.0,2147483648.0,2,1200,2
500m,3Gi,500m,3Gi,1,2025-06-17T16:56:52,2025-06-17T16:57:19,0.5,0.5,3221225472.0,3221225472.0,2,1200,2
500m,3Gi,500m,3Gi,2,2025-06-17T16:57:19,2025-06-17T16:57:46,0.5,0.5,3221225472.0,3221225472.0,2,1200,2
500m,3Gi,500m,3Gi,1,2025-06-17T16:57:46,2025-06-17T16:58:13,0.5,0.5,3221225472.0,3221225472.0,2,1600,2
500m,3Gi,500m,3Gi,1,2025-06-17T16:58:53,2025-06-17T16:59:20,0.5,0.5,3221225472.0,3221225472.0,2,1600,2
500m,3Gi,500m,3Gi,2,2025-06-17T16:59:20,2025-06-17T16:59:46,0.5,0.5,3221225472.0,3221225472.0,1,1200,1
500m,4Gi,500m,4Gi,1,2025-06-17T16:59:46,2025-06-17T17:00:12,0.5,0.5,4294967296.0,4294967296.0,1,1200,1
500m,4Gi,500m,4Gi,2,2025-06-17T17:00:12,2025-06-17T17:00:38,0.5,0.5,4294967296.0,4294967296.0,1,1200,1
500m,4Gi,500m,4Gi,1,2025-06-17T17:00:38,2025-06-17T17:01:05,0.5,0.5,4294967296.0,4294967296.0,2,1200,2
500m,4Gi,500m,4Gi,2,2025-06-17T17:01:05,2025-06-17T17:01:32,0.5,0.5,4294967296.0,4294967296.0,2,1200,2
500m,4Gi,500m,4Gi,1,2025-06-17T17:01:32,2025-06-17T17:01:58,0.5,0.5,4294967296.0,4294967296.0,1,1200,1
500m,6Gi,500m,6Gi,1,2025-06-17T17:02:39,2025-06-17T17:03:05,0.5,0.5,6442450944.0,6442450944.0,1,1600,1
500m,6Gi,500m,6Gi,1,2025-06-17T17:03:46,2025-06-17T17:04:12,0.5,0.5,6442450944.0,6442450944.0,1,1600,1
500m,6Gi,500m,6Gi,1,2025-06-17T17:04:53,2025-06-17T17:05:19,0.5,0.5,6442450944.0,6442450944.0,1,1600,1
750m,512Mi,750m,512Mi,1,2025-06-17T17:06:00,2025-06-17T17:06:27,0.75,0.75,536870912.0,536870912.0,2,1600,2
750m,512Mi,750m,512Mi,1,2025-06-17T17:07:08,2025-06-17T17:07:36,0.75,0.75,536870912.0,536870912.0,3,1200,3
750m,512Mi,750m,512Mi,1,2025-06-17T17:08:17,2025-06-17T17:08:46,0.75,0.75,536870912.0,536870912.0,4,1200,4
750m,1Gi,750m,1Gi,1,2025-06-17T17:09:26,2025-06-17T17:09:53,0.75,0.75,1073741824.0,1073741824.0,2,1600,2
750m,1Gi,750m,1Gi,2,2025-06-17T17:09:53,2025-06-17T17:10:20,0.75,0.75,1073741824.0,1073741824.0,2,1600,2
750m,1Gi,750m,1Gi,1,2025-06-17T17:10:20,2025-06-17T17:10:46,0.75,0.75,1073741824.0,1073741824.0,1,1600,1
750m,1Gi,750m,1Gi,1,2025-06-17T17:11:27,2025-06-17T17:11:54,0.75,0.75,1073741824.0,1073741824.0,2,1200,2
750m,1Gi,750m,1Gi,2,2025-06-17T17:11:54,2025-06-17T17:12:20,0.75,0.75,1073741824.0,1073741824.0,1,1600,1
750m,1.5Gi,750m,1.5Gi,1,2025-06-17T17:12:20,2025-06-17T17:12:47,0.75,0.75,1610612736.0,1610612736.0,2,1600,2
750m,1.5Gi,750m,1.5Gi,2,2025-06-17T17:12:47,2025-06-17T17:13:14,0.75,0.75,1610612736.0,1610612736.0,2,1600,2
750m,1.5Gi,750m,1.5Gi,1,2025-06-17T17:13:14,2025-06-17T17:13:41,0.75,0.75,1610612736.0,1610612736.0,2,1600,2
750m,1.5Gi,750m,1.5Gi,1,2025-06-17T17:14:21,2025-06-17T17:14:48,0.75,0.75,1610612736.0,1610612736.0,2,1600,2
750m,2Gi,750m,2Gi,1,2025-06-17T17:15:29,2025-06-17T17:15:55,0.75,0.75,2147483648.0,2147483648.0,1,1200,1
750m,2Gi,750m,2Gi,2,2025-06-17T17:15:55,2025-06-17T17:16:22,0.75,0.75,2147483648.0,2147483648.0,2,1200,2
750m,2Gi,750m,2Gi,1,2025-06-17T17:16:22,2025-06-17T17:16:49,0.75,0.75,2147483648.0,2147483648.0,2,1600,2
750m,2Gi,750m,2Gi,2,2025-06-17T17:16:49,2025-06-17T17:17:15,0.75,0.75,2147483648.0,2147483648.0,1,1600,1
750m,2Gi,750m,2Gi,1,2025-06-17T17:17:15,2025-06-17T17:17:42,0.75,0.75,2147483648.0,2147483648.0,2,1600,2
750m,2Gi,750m,2Gi,2,2025-06-17T17:17:42,2025-06-17T17:18:09,0.75,0.75,2147483648.0,2147483648.0,2,1600,2
750m,3Gi,750m,3Gi,1,2025-06-17T17:18:09,2025-06-17T17:18:35,0.75,0.75,3221225472.0,3221225472.0,1,1200,1
750m,3Gi,750m,3Gi,1,2025-06-17T17:19:16,2025-06-17T17:19:43,0.75,0.75,3221225472.0,3221225472.0,2,1200,2
750m,3Gi,750m,3Gi,2,2025-06-17T17:19:43,2025-06-17T17:20:09,0.75,0.75,3221225472.0,3221225472.0,1,1600,1
750m,3Gi,750m,3Gi,1,2025-06-17T17:20:09,2025-06-17T17:20:36,0.75,0.75,3221225472.0,3221225472.0,2,1600,2
750m,4Gi,750m,4Gi,1,2025-06-17T17:21:17,2025-06-17T17:21:44,0.75,0.75,4294967296.0,4294967296.0,2,1600,2
750m,4Gi,750m,4Gi,2,2025-06-17T17:21:44,2025-06-17T17:22:10,0.75,0.75,4294967296.0,4294967296.0,1,2300,1
750m,4Gi,750m,4Gi,1,2025-06-17T17:22:10,2025-06-17T17:22:36,0.75,0.75,4294967296.0,4294967296.0,1,1600,1
750m,4Gi,750m,4Gi,2,2025-06-17T17:22:36,2025-06-17T17:23:03,0.75,0.75,4294967296.0,4294967296.0,2,1600,2
750m,4Gi,750m,4Gi,1,2025-06-17T17:23:03,2025-06-17T17:23:30,0.75,0.75,4294967296.0,4294967296.0,2,1600,2
750m,6Gi,750m,6Gi,1,2025-06-17T17:24:10,2025-06-17T17:24:37,0.75,0.75,6442450944.0,6442450944.0,2,1600,2
750m,6Gi,750m,6Gi,2,2025-06-17T17:24:37,2025-06-17T17:25:03,0.75,0.75,6442450944.0,6442450944.0,1,1600,1
750m,6Gi,750m,6Gi,1,2025-06-17T17:25:03,2025-06-17T17:25:30,0.75,0.75,6442450944.0,6442450944.0,2,1600,2
750m,6Gi,750m,6Gi,1,2025-06-17T17:26:11,2025-06-17T17:26:37,0.75,0.75,6442450944.0,6442450944.0,1,1600,1
750m,6Gi,750m,6Gi,2,2025-06-17T17:26:37,2025-06-17T17:27:04,0.75,0.75,6442450944.0,6442450944.0,2,1600,2
1000m,512Mi,1000m,512Mi,1,2025-06-17T17:27:04,2025-06-17T17:27:31,1.0,1.0,536870912.0,536870912.0,2,1600,2
1000m,512Mi,1000m,512Mi,1,2025-06-17T17:28:11,2025-06-17T17:28:38,1.0,1.0,536870912.0,536870912.0,2,1600,2
1000m,512Mi,1000m,512Mi,1,2025-06-17T17:29:18,2025-06-17T17:29:44,1.0,1.0,536870912.0,536870912.0,1,1600,1
1000m,1Gi,1000m,1Gi,1,2025-06-17T17:30:25,2025-06-17T17:30:51,1.0,1.0,1073741824.0,1073741824.0,1,1600,1
1000m,1Gi,1000m,1Gi,2,2025-06-17T17:30:51,2025-06-17T17:31:16,1.0,1.0,1073741824.0,1073741824.0,0,1600,1
1000m,1Gi,1000m,1Gi,1,2025-06-17T17:31:16,2025-06-17T17:31:42,1.0,1.0,1073741824.0,1073741824.0,1,1600,1
1000m,1Gi,1000m,1Gi,2,2025-06-17T17:31:42,2025-06-17T17:32:08,1.0,1.0,1073741824.0,1073741824.0,1,1200,1
1000m,1Gi,1000m,1Gi,1,2025-06-17T17:32:08,2025-06-17T17:32:33,1.0,1.0,1073741824.0,1073741824.0,0,1200,1
1000m,1.5Gi,1000m,1.5Gi,1,2025-06-17T17:33:14,2025-06-17T17:33:40,1.0,1.0,1610612736.0,1610612736.0,1,1200,1
1000m,1.5Gi,1000m,1.5Gi,2,2025-06-17T17:33:40,2025-06-17T17:34:05,1.0,1.0,1610612736.0,1610612736.0,0,2000,1
1000m,1.5Gi,1000m,1.5Gi,1,2025-06-17T17:34:05,2025-06-17T17:34:31,1.0,1.0,1610612736.0,1610612736.0,1,1600,1
1000m,1.5Gi,1000m,1.5Gi,2,2025-06-17T17:34:31,2025-06-17T17:34:57,1.0,1.0,1610612736.0,1610612736.0,1,1600,1
1000m,1.5Gi,1000m,1.5Gi,1,2025-06-17T17:34:57,2025-06-17T17:35:22,1.0,1.0,1610612736.0,1610612736.0,0,1600,1
1000m,2Gi,1000m,2Gi,1,2025-06-17T17:36:03,2025-06-17T17:36:28,1.0,1.0,2147483648.0,2147483648.0,0,1600,1
1000m,2Gi,1000m,2Gi,1,2025-06-17T17:37:09,2025-06-17T17:37:35,1.0,1.0,2147483648.0,2147483648.0,1,1600,1
1000m,2Gi,1000m,2Gi,1,2025-06-17T17:38:16,2025-06-17T17:38:41,1.0,1.0,2147483648.0,2147483648.0,0,1600,1
1000m,3Gi,1000m,3Gi,1,2025-06-17T17:39:22,2025-06-17T17:39:48,1.0,1.0,3221225472.0,3221225472.0,1,1600,1
1000m,3Gi,1000m,3Gi,2,2025-06-17T17:39:48,2025-06-17T17:40:13,1.0,1.0,3221225472.0,3221225472.0,0,1600,1
1000m,3Gi,1000m,3Gi,1,2025-06-17T17:40:13,2025-06-17T17:40:39,1.0,1.0,3221225472.0,3221225472.0,1,1600,1
1000m,3Gi,1000m,3Gi,2,2025-06-17T17:40:39,2025-06-17T17:41:04,1.0,1.0,3221225472.0,3221225472.0,0,1600,1
1000m,3Gi,1000m,3Gi,1,2025-06-17T17:41:04,2025-06-17T17:41:30,1.0,1.0,3221225472.0,3221225472.0,1,1600,1
1000m,3Gi,1000m,3Gi,2,2025-06-17T17:41:30,2025-06-17T17:41:56,1.0,1.0,3221225472.0,3221225472.0,1,1600,1
1000m,4Gi,1000m,4Gi,1,2025-06-17T17:41:56,2025-06-17T17:42:21,1.0,1.0,4294967296.0,4294967296.0,0,1600,1
1000m,4Gi,1000m,4Gi,1,2025-06-17T17:43:02,2025-06-17T17:43:28,1.0,1.0,4294967296.0,4294967296.0,1,1600,1
1000m,4Gi,1000m,4Gi,1,2025-06-17T17:44:08,2025-06-17T17:44:34,1.0,1.0,4294967296.0,4294967296.0,1,2000,1
1000m,4Gi,1000m,4Gi,2,2025-06-17T17:44:34,2025-06-17T17:45:00,1.0,1.0,4294967296.0,4294967296.0,1,1600,1
1000m,6Gi,1000m,6Gi,1,2025-06-17T17:45:00,2025-06-17T17:45:25,1.0,1.0,6442450944.0,6442450944.0,0,1600,1
1000m,6Gi,1000m,6Gi,1,2025-06-17T17:46:06,2025-06-17T17:46:32,1.0,1.0,6442450944.0,6442450944.0,1,1600,1
1000m,6Gi,1000m,6Gi,1,2025-06-17T17:47:12,2025-06-17T17:47:38,1.0,1.0,6442450944.0,6442450944.0,1,1600,1
1000m,6Gi,1000m,6Gi,2,2025-06-17T17:47:38,2025-06-17T17:48:04,1.0,1.0,6442450944.0,6442450944.0,1,3200,1
1500m,512Mi,1500m,512Mi,1,2025-06-17T17:48:04,2025-06-17T17:48:29,1.5,1.5,536870912.0,536870912.0,0,3200,1
1500m,512Mi,1500m,512Mi,2,2025-06-17T17:48:29,2025-06-17T17:48:55,1.5,1.5,536870912.0,536870912.0,1,1600,1
1500m,512Mi,1500m,512Mi,1,2025-06-17T17:48:55,2025-06-17T17:49:20,1.5,1.5,536870912.0,536870912.0,0,1600,1
1500m,512Mi,1500m,512Mi,1,2025-06-17T17:50:01,2025-06-17T17:50:27,1.5,1.5,536870912.0,536870912.0,1,1200,1
1500m,512Mi,1500m,512Mi,2,2025-06-17T17:50:27,2025-06-17T17:50:52,1.5,1.5,536870912.0,536870912.0,0,1600,1
1500m,1Gi,1500m,1Gi,1,2025-06-17T17:50:52,2025-06-17T17:51:18,1.5,1.5,1073741824.0,1073741824.0,1,1600,1
